{
  "dataset_revision": "0fd18e25b25c072e09e0d92ab615fda904d66300",
  "mteb_dataset_name": "Banking77Classification",
  "mteb_version": "1.1.1",
  "test": {
    "accuracy": 0.8006168831168832,
    "accuracy_stderr": 0.00782656117814138,
    "evaluation_time": 73.43,
    "f1": 0.7940375254626659,
    "f1_stderr": 0.00891542230698871,
    "main_score": 0.8006168831168832
  }
}